ablation,method,regime,delta_qlike_vs_rolling_best_mean,delta_qlike_vs_rolling_best_median,delta_underprediction_loss_vs_rolling_best_mean,delta_underprediction_loss_vs_rolling_best_median,delta_qlike_vs_har_mean,delta_qlike_vs_har_median,delta_underprediction_loss_vs_har_mean,delta_underprediction_loss_vs_har_median,delta_qlike_vs_vix_switch_mean,delta_qlike_vs_vix_switch_median,delta_underprediction_loss_vs_vix_switch_mean,delta_underprediction_loss_vs_vix_switch_median
full,figarch,all,-2895.7132997240788,0.11580141782993938,-0.016003666669039483,-0.01544561354901295,-46056.37546112476,0.12180396774084482,-0.01621110509007152,-0.0149640536136655,0.1645903920127084,0.14981560810580766,-0.021991873976091415,-0.021645056496264102
full,figarch,high,-8684.017406073875,-0.14827987613535315,-0.04191059316697835,-0.03915857168638465,-120961.0197643074,-0.1462284325104536,-0.04475945223871824,-0.04236814795560175,-0.3048653589788197,-0.29742772348362334,-0.04647949530654039,-0.041917211426989946
full,figarch,low,0.49364228604887733,0.4797881076049584,-0.000841167629468095,-0.00019564679588563724,0.47790101276166536,0.4641750567039803,-7.01008933485885e-05,-5.286019227522769e-05,0.6049896538038392,0.6165382237111746,-0.002141129429898202,-0.0017404141124051
full,figarch,mid,0.29739257815463344,0.2829469945472505,-0.005244700066614607,-0.005314829342005001,-17169.54826711476,0.2141807855195789,-0.0037869727701478734,-0.00321547876165595,0.19368619987237543,0.18353077892384392,-0.01734872266303424,-0.01562836756239397
full,garch_t,all,-2895.720524844754,0.10684457672548581,-0.01580407801950195,-0.015321351388896402,-46056.38268624543,0.11284712663639124,-0.016011516440533984,-0.015136533902488102,0.15736527133736575,0.1371301188816916,-0.021792285326553886,-0.021583370672909802
full,garch_t,high,-8684.018437492976,-0.15496052802502122,-0.04115038022461557,-0.038507126367892594,-120961.0207957265,-0.13819091862713082,-0.04399923929635546,-0.042474909692722496,-0.30589677807960997,-0.29954192411389585,-0.04571928236417761,-0.04202397316411069
full,garch_t,low,0.4870501183069611,0.47978677639854256,-0.000865869828749566,-0.00021151211403533246,0.4713088450197492,0.4626375011597668,-9.480309263005945e-05,-0.00010015669348559545,0.5983974860619231,0.6165368925047587,-0.0021658316291796723,-0.0017561658888468929
full,garch_t,mid,0.28333156527914943,0.2661782844192919,-0.005381899980763955,-0.0057147575131629,-17169.562328127635,0.18675818349136405,-0.0039241726842972205,-0.0031005466549932003,0.17962518699689142,0.17318419249565492,-0.017485922577183587,-0.015171384392646661
full,gru,all,-2895.8124580107155,0.09192448699235592,0.02249023386389173,0.023770625452002446,-46056.4746194114,0.09226483375533126,0.022282795442859698,0.02163464345971445,0.06543210537641683,0.07146543105907618,0.0165020265568398,0.0164979939050457
full,gru,high,-8683.298851988267,0.4982575537843393,0.0528006674957657,0.0540264293669228,-120960.30121022178,0.4975732205139559,0.04995180842402582,0.046269099291771504,0.41368872662924633,0.39524012017832505,0.04823176535620365,0.0486226220166241
full,gru,low,-0.19488880763279168,-0.21781331371238405,0.0013062794491514398,0.0010068184384337997,-0.21063008092000357,-0.2022963574042786,0.0020773461852709465,0.001639879093813472,-0.08354143987782973,-0.06464594878932371,6.31764872133333e-06,0.0
full,gru,mid,-0.030414258207294587,-0.027597507101652756,0.01335140487785805,0.013339157468944351,-17169.876073951124,-0.008869199820631161,0.014809132174324785,0.0126801422933754,-0.13412063648955264,-0.11007373193306988,0.0012473822814384168,0.000839125055046101
full,har,all,43160.66216140067,-0.0030947672778174895,0.00020743842103203349,0.00029319815282004974,0.0,0.0,0.0,0.0,46056.540051516764,-0.027767102833428536,-0.005780768886019899,-0.0058264374957553485
full,har,high,112277.00235823351,-0.0035603930443143528,0.002848859071739885,0.002834762296729302,0.0,0.0,0.0,0.0,120960.71489894843,-0.17509267967744058,-0.0017200430678221631,-0.0007790327223698434
full,har,low,0.01574127328721191,0.008131601021954371,-0.0007710667361195065,-0.00011783425804386943,0.0,0.0,0.0,0.0,0.12708864104217385,0.0904931280277911,-0.0020710285365496133,-0.0016320001575351223
full,har,mid,17169.845659692914,-0.012219314955475798,-0.0014577272964667331,-0.0011444708707609003,0.0,0.0,0.0,0.0,17169.74195331463,-0.12865117159351708,-0.013561749892886367,-0.01201865721465575
full,regime_high_branch,all,-2895.937557548146,-0.01918946053794443,-0.005378729363604451,-0.005296266344383,-46056.599718948826,-0.013549287975192809,-0.005586167784636484,-0.004865261875875451,-0.05966743205408187,-0.05159065429467638,-0.011366936670656384,-0.0115102464483531
full,regime_high_branch,high,-8683.980277744893,-0.11080064895420835,-0.0160885983696884,-0.014692946400031597,-120960.98263597842,-0.09072443412279943,-0.018937457441428284,-0.017229843418336655,-0.2677370299965549,-0.26863282826824664,-0.020657500509250446,-0.01908863387474715
full,regime_high_branch,low,0.07838079184419938,0.06941813437717509,-0.000833163570606114,-0.00015463581427714975,0.06263951855698748,0.06803689696156709,-6.209683448660742e-05,-4.3608807753807086e-05,0.1897281595991613,0.17768286931014377,-0.0021331253710362204,-0.0016756089652889294
full,regime_high_branch,mid,0.02661060686007589,0.028169474112675966,-0.00345437343469555,-0.0035256492173387005,-17169.819049086054,0.04057180299574851,-0.0019966461382288168,-0.0013490824558520004,-0.07709577142218216,-0.08984369038523728,-0.015558396031115182,-0.01353805002180235
full,regime_low_branch,all,338.1132233465001,-0.00747340655555645,-0.0003422370097159507,9.354500256720036e-05,-42822.54893805418,-0.009446278272595199,-0.0005496754307479842,3.2549740547699324e-05,3233.9911134625922,-0.04396239220964934,-0.006330444316767884,-0.0064294709671175
full,regime_low_branch,high,191.8733613317552,-0.03720536160739049,-0.002671502558781453,-0.0022644951669937054,-112085.12899690175,-0.03498327448079824,-0.005520361630521338,-0.0050352929041949,8875.585902046652,-0.21007595415823882,-0.007240404698343501,-0.007412526592150852
full,regime_low_branch,low,0.023536382163434216,0.025704880023698917,-0.0008361362158745429,-0.00017037984373597862,0.007795108876222302,0.004452043797919386,-6.506947975503623e-05,-5.552291510545038e-05,0.13488374991839613,0.11556491719521182,-0.0021360980163046494,-0.0016649553096907497
full,regime_low_branch,mid,-0.012315600399810682,-0.006140778624121143,-0.0029655642841491334,-0.0027842379160226503,-17169.85797529331,0.010480577069027198,-0.0015078369876824003,-0.0010102691521613502,-0.11602197868206872,-0.11515474637153324,-0.015069586880568767,-0.01348656855910135
full,regime_overlay,all,-2895.9470479916945,-0.02100734449400027,-0.004621469230458283,-0.004354674000939749,-46056.60920939237,-0.015367171931248647,-0.004828907651490317,-0.0042664179536081,-0.06915787560289025,-0.05863625378612866,-0.010609676537510215,-0.010938943278288898
full,regime_overlay,high,-8683.968241026405,-0.0939872134086984,-0.014164987944171668,-0.0136222403009425,-120960.9705992599,-0.07787448644449319,-0.017013847015911552,-0.0162012290628292,-0.2557003115068957,-0.25296716612193376,-0.018733890083733717,-0.0181556822658059
full,regime_overlay,low,0.04442087061613701,0.04278420951314954,-0.0008394396605986925,-0.000171255157215895,0.0286795973289251,0.02874912909913574,-6.837292447918601e-05,-5.540291767590039e-05,0.15576823837109896,0.13264424668466246,-0.002139401461028799,-0.0016729972487470285
full,regime_overlay,mid,0.015714192121991055,0.02191889757295226,-0.003266984853320817,-0.0032380522734124003,-17169.82994550079,0.03354454099580935,-0.0018092575568540836,-0.0012272491348322002,-0.087992186160267,-0.09656129391846663,-0.01537100744974045,-0.013668279589450699
full,regime_set_calm,all,338.1130233268896,-0.0043204424621431925,0.002670250165098332,0.003066224624692899,-42822.54913807379,-0.00795991926965911,0.0024628117440662987,0.002568613545981849,3233.9909134429813,-0.04090336003696765,-0.003317957141953601,-0.003119731403522251
full,regime_set_calm,high,191.91681393487167,0.008004129819963512,0.0032273928920156327,0.004644388564258899,-112085.08554429865,0.009423953101780708,0.0003785338202757481,0.0011097092749568493,8875.629354649769,-0.14582936071387984,-0.001341509247546415,4.5831917354400425e-05
full,regime_set_calm,low,-0.018981355024263624,-0.018895527794029227,-0.0006254029663999636,-7.068176358625001e-05,-0.03472262831147554,-0.02321893879687545,0.000145663769719543,0.00015042280360109711,0.09236601273069829,0.08153890213654323,-0.0019253647668300699,-0.0014921628817364998
full,regime_set_calm,mid,-0.02331685557956822,-0.027384940722985356,-0.0006690533443817502,-0.0009346641757364501,-17169.868976548492,0.0021382737005562966,0.000788673952084983,0.0017778409521124001,-0.12702323386182626,-0.12328576628232733,-0.012773075940801383,-0.012226546326920499
full,regime_set_combo,all,-2895.9472554829476,-0.024211311943553943,-0.004424623756296084,-0.00425980870291815,-46056.60941688362,-0.01857113938080232,-0.004632062177328118,-0.004124206327029152,-0.06936536685590854,-0.06310752676920683,-0.010412831063348017,-0.010566676251555551
full,regime_set_combo,high,-8683.969934918934,-0.09399016371482868,-0.014249343966248667,-0.013287898812368248,-120960.97229315246,-0.07672966335142636,-0.017098203037988553,-0.015419522260953753,-0.25739420403569657,-0.25220633644134105,-0.018818246105810715,-0.0167862394094742
full,regime_set_combo,low,0.04207931814919169,0.03421055770355258,-0.0008161167022170328,-0.00014413747576494975,0.02633804486197978,0.050511038720269935,-4.504996609752624e-05,-2.7527984645900377e-05,0.15342668590415362,0.14295918592243423,-0.002116078502647139,-0.0016570531905228377
full,regime_set_combo,mid,0.018278086326560306,0.01648702302714221,-0.0026503694008631336,-0.00270041862194155,-17169.82738160659,0.038107067697351005,-0.0011926421043964,-0.0002681765688916499,-0.08542829195569775,-0.09054410389616607,-0.014754391997282767,-0.013280973141053698
full,regime_set_stress,all,-2895.9152905701862,-0.0034707316990547354,-0.006211189028566784,-0.0062232004111435505,-46056.577451970865,0.0021694408636968865,-0.006418627449598817,-0.0055604904685013015,-0.03740045409440374,-0.034556401148310434,-0.012199396335618716,-0.011970841564021398
full,regime_set_stress,high,-8683.98445599336,-0.11932374552585964,-0.01801162809067443,-0.016180819812381297,-120960.98681422688,-0.09957348940828584,-0.020860487162414315,-0.019016593621609252,-0.271915278463133,-0.28056964535901946,-0.02258053023023648,-0.0218168446146439
full,regime_set_stress,low,0.13447054252515986,0.12444096572187113,-0.0008369004206932604,-0.00016536847303349973,0.11872926923794792,0.09800566465642785,-6.583368457375396e-05,-5.4341466510157084e-05,0.24581791028012176,0.2485116044671064,-0.0021368622211233672,-0.0016863416240452795
full,regime_set_stress,mid,0.04820980964789806,0.05141092334512816,-0.0038285012779429,-0.0039037089270842996,-17169.797449883266,0.056249700985481495,-0.002370773981476167,-0.0023129926487399496,-0.05549656863435998,-0.07419131918072923,-0.015932523874362534,-0.01366914464189685
full,rolling_best,all,0.0,0.0,0.0,0.0,-43160.66216140067,0.0030947672778174895,-0.00020743842103203349,-0.00029319815282004974,2895.8778901160917,-0.02015316861286026,-0.005988207307051932,-0.00668273792427905
full,rolling_best,high,0.0,0.0,0.0,0.0,-112277.00235823351,0.0035603930443143528,-0.002848859071739885,-0.002834762296729302,8683.712540714898,-0.15783217931403826,-0.004568902139562048,-0.004789215499706002
full,rolling_best,low,0.0,0.0,0.0,0.0,-0.01574127328721191,-0.008131601021954371,0.0007710667361195065,0.00011783425804386943,0.11134736775496192,0.0898600371715129,-0.0012999618004301066,-0.00099893950215545
full,rolling_best,mid,0.0,0.0,0.0,0.0,-17169.845659692914,0.012219314955475798,0.0014577272964667331,0.0011444708707609003,-0.10370637828225804,-0.08297085754351248,-0.012104022596419633,-0.01222172393749955
full,static_best,all,48538.23369692714,0.09764100888979113,0.006053008473852366,0.0042460942551634,5377.57153552647,0.09965030254326254,0.005845570052820333,0.0012885594250904506,51434.11158704324,0.027816489593925714,6.480116680043259e-05,-0.0016805638964446507
full,static_best,high,114950.30450933856,0.17945492650247896,0.010638352151297298,0.006461917752532298,2673.302151105037,0.20097386202679035,0.007789493079557413,-0.001181298296158706,123634.01705005346,0.023725596670572557,0.00606945001173525,0.0009190035648018978
full,static_best,low,-0.00015036338890196213,-0.02164760725595466,-0.0006139446042560387,-0.00011556308248816542,-0.015891636676113874,-0.0007061025991279557,0.00015712213186346786,6.53417033145651e-06,0.11119700436605995,0.042466752236247046,-0.001913906404686145,-0.001667931544268265
full,static_best,mid,19342.287062848478,-0.009282020688795599,0.0013479188786902996,0.0008886979518781498,2172.441403155565,0.0026649713259002464,0.002805646175157033,-9.856120649745048e-05,19342.183356470196,-0.11596930069172094,-0.010756103717729332,-0.00939294898808185
full,vix_switch,all,-2895.8778901160917,0.02015316861286026,0.005988207307051932,0.00668273792427905,-46056.540051516764,0.027767102833428536,0.005780768886019899,0.0058264374957553485,0.0,0.0,0.0,0.0
full,vix_switch,high,-8683.712540714898,0.15783217931403826,0.004568902139562048,0.004789215499706002,-120960.71489894843,0.17509267967744058,0.0017200430678221631,0.0007790327223698434,0.0,0.0,0.0,0.0
full,vix_switch,low,-0.11134736775496192,-0.0898600371715129,0.0012999618004301066,0.00099893950215545,-0.12708864104217385,-0.0904931280277911,0.0020710285365496133,0.0016320001575351223,0.0,0.0,0.0,0.0
full,vix_switch,mid,0.10370637828225804,0.08297085754351248,0.012104022596419633,0.01222172393749955,-17169.74195331463,0.12865117159351708,0.013561749892886367,0.01201865721465575,0.0,0.0,0.0,0.0
full,xgb,all,-2895.6972385882455,0.15165914383599702,0.007029003187856549,0.0068268416755339015,-46056.35939998892,0.15672767277163116,0.006821564766824516,0.00600330230472125,0.18065152784641536,0.1277835063242837,0.0010407958808046163,0.00101987127452155
full,xgb,high,-8683.383218384412,0.31967872882445514,0.027203202068955063,0.026104295698185943,-120960.38557661795,0.3205552820004334,0.024354342997215183,0.022243419263327145,0.3293223304856171,0.18744956571983892,0.022634299929393017,0.022883385931320895
full,xgb,low,0.21721336608463293,0.15367330218737835,-0.0008877459129730934,-0.00026031607766745,0.20147209279742104,0.15617056182914574,-0.00011667917685358687,-0.00010336525095997769,0.32856073383959483,0.29218236994242586,-0.0021877077134032,-0.0017969756025257998
full,xgb,mid,-0.012623428631762483,-0.02489433768839904,-0.0052450331279742,-0.00517902211710815,-17169.858283121546,0.010114947582211493,-0.003787305831507467,-0.0041061558473571005,-0.11632980691402055,-0.1174691259556184,-0.017349055724393835,-0.01473324044008205
no_high_branch_blend,figarch,all,-2895.7132997240788,0.11580141782993938,-0.016003666669039483,-0.01544561354901295,-46056.37546112476,0.12180396774084482,-0.01621110509007152,-0.0149640536136655,0.1645903920127084,0.14981560810580766,-0.021991873976091415,-0.021645056496264102
no_high_branch_blend,figarch,high,-8684.017406073875,-0.14827987613535315,-0.04191059316697835,-0.03915857168638465,-120961.0197643074,-0.1462284325104536,-0.04475945223871824,-0.04236814795560175,-0.3048653589788197,-0.29742772348362334,-0.04647949530654039,-0.041917211426989946
no_high_branch_blend,figarch,low,0.49364228604887733,0.4797881076049584,-0.000841167629468095,-0.00019564679588563724,0.47790101276166536,0.4641750567039803,-7.01008933485885e-05,-5.286019227522769e-05,0.6049896538038392,0.6165382237111746,-0.002141129429898202,-0.0017404141124051
no_high_branch_blend,figarch,mid,0.29739257815463344,0.2829469945472505,-0.005244700066614607,-0.005314829342005001,-17169.54826711476,0.2141807855195789,-0.0037869727701478734,-0.00321547876165595,0.19368619987237543,0.18353077892384392,-0.01734872266303424,-0.01562836756239397
no_high_branch_blend,garch_t,all,-2895.720524844754,0.10684457672548581,-0.01580407801950195,-0.015321351388896402,-46056.38268624543,0.11284712663639124,-0.016011516440533984,-0.015136533902488102,0.15736527133736575,0.1371301188816916,-0.021792285326553886,-0.021583370672909802
no_high_branch_blend,garch_t,high,-8684.018437492976,-0.15496052802502122,-0.04115038022461557,-0.038507126367892594,-120961.0207957265,-0.13819091862713082,-0.04399923929635546,-0.042474909692722496,-0.30589677807960997,-0.29954192411389585,-0.04571928236417761,-0.04202397316411069
no_high_branch_blend,garch_t,low,0.4870501183069611,0.47978677639854256,-0.000865869828749566,-0.00021151211403533246,0.4713088450197492,0.4626375011597668,-9.480309263005945e-05,-0.00010015669348559545,0.5983974860619231,0.6165368925047587,-0.0021658316291796723,-0.0017561658888468929
no_high_branch_blend,garch_t,mid,0.28333156527914943,0.2661782844192919,-0.005381899980763955,-0.0057147575131629,-17169.562328127635,0.18675818349136405,-0.0039241726842972205,-0.0031005466549932003,0.17962518699689142,0.17318419249565492,-0.017485922577183587,-0.015171384392646661
no_high_branch_blend,gru,all,-2895.8124580107155,0.09192448699235592,0.02249023386389173,0.023770625452002446,-46056.4746194114,0.09226483375533126,0.022282795442859698,0.02163464345971445,0.06543210537641683,0.07146543105907618,0.0165020265568398,0.0164979939050457
no_high_branch_blend,gru,high,-8683.298851988267,0.4982575537843393,0.0528006674957657,0.0540264293669228,-120960.30121022178,0.4975732205139559,0.04995180842402582,0.046269099291771504,0.41368872662924633,0.39524012017832505,0.04823176535620365,0.0486226220166241
no_high_branch_blend,gru,low,-0.19488880763279168,-0.21781331371238405,0.0013062794491514398,0.0010068184384337997,-0.21063008092000357,-0.2022963574042786,0.0020773461852709465,0.001639879093813472,-0.08354143987782973,-0.06464594878932371,6.31764872133333e-06,0.0
no_high_branch_blend,gru,mid,-0.030414258207294587,-0.027597507101652756,0.01335140487785805,0.013339157468944351,-17169.876073951124,-0.008869199820631161,0.014809132174324785,0.0126801422933754,-0.13412063648955264,-0.11007373193306988,0.0012473822814384168,0.000839125055046101
no_high_branch_blend,har,all,43160.66216140067,-0.0030947672778174895,0.00020743842103203349,0.00029319815282004974,0.0,0.0,0.0,0.0,46056.540051516764,-0.027767102833428536,-0.005780768886019899,-0.0058264374957553485
no_high_branch_blend,har,high,112277.00235823351,-0.0035603930443143528,0.002848859071739885,0.002834762296729302,0.0,0.0,0.0,0.0,120960.71489894843,-0.17509267967744058,-0.0017200430678221631,-0.0007790327223698434
no_high_branch_blend,har,low,0.01574127328721191,0.008131601021954371,-0.0007710667361195065,-0.00011783425804386943,0.0,0.0,0.0,0.0,0.12708864104217385,0.0904931280277911,-0.0020710285365496133,-0.0016320001575351223
no_high_branch_blend,har,mid,17169.845659692914,-0.012219314955475798,-0.0014577272964667331,-0.0011444708707609003,0.0,0.0,0.0,0.0,17169.74195331463,-0.12865117159351708,-0.013561749892886367,-0.01201865721465575
no_high_branch_blend,regime_high_branch,all,-2895.9472554829476,-0.024211311943553943,-0.004424623756296084,-0.00425980870291815,-46056.60941688362,-0.01857113938080232,-0.004632062177328118,-0.004124206327029152,-0.06936536685590854,-0.06310752676920683,-0.010412831063348017,-0.010566676251555551
no_high_branch_blend,regime_high_branch,high,-8683.969934918934,-0.09399016371482868,-0.014249343966248667,-0.013287898812368248,-120960.97229315246,-0.07672966335142636,-0.017098203037988553,-0.015419522260953753,-0.25739420403569657,-0.25220633644134105,-0.018818246105810715,-0.0167862394094742
no_high_branch_blend,regime_high_branch,low,0.04207931814919169,0.03421055770355258,-0.0008161167022170328,-0.00014413747576494975,0.02633804486197978,0.050511038720269935,-4.504996609752624e-05,-2.7527984645900377e-05,0.15342668590415362,0.14295918592243423,-0.002116078502647139,-0.0016570531905228377
no_high_branch_blend,regime_high_branch,mid,0.018278086326560306,0.01648702302714221,-0.0026503694008631336,-0.00270041862194155,-17169.82738160659,0.038107067697351005,-0.0011926421043964,-0.0002681765688916499,-0.08542829195569775,-0.09054410389616607,-0.014754391997282767,-0.013280973141053698
no_high_branch_blend,regime_low_branch,all,338.1132233465001,-0.00747340655555645,-0.0003422370097159507,9.354500256720036e-05,-42822.54893805418,-0.009446278272595199,-0.0005496754307479842,3.2549740547699324e-05,3233.9911134625922,-0.04396239220964934,-0.006330444316767884,-0.0064294709671175
no_high_branch_blend,regime_low_branch,high,191.8733613317552,-0.03720536160739049,-0.002671502558781453,-0.0022644951669937054,-112085.12899690175,-0.03498327448079824,-0.005520361630521338,-0.0050352929041949,8875.585902046652,-0.21007595415823882,-0.007240404698343501,-0.007412526592150852
no_high_branch_blend,regime_low_branch,low,0.023536382163434216,0.025704880023698917,-0.0008361362158745429,-0.00017037984373597862,0.007795108876222302,0.004452043797919386,-6.506947975503623e-05,-5.552291510545038e-05,0.13488374991839613,0.11556491719521182,-0.0021360980163046494,-0.0016649553096907497
no_high_branch_blend,regime_low_branch,mid,-0.012315600399810682,-0.006140778624121143,-0.0029655642841491334,-0.0027842379160226503,-17169.85797529331,0.010480577069027198,-0.0015078369876824003,-0.0010102691521613502,-0.11602197868206872,-0.11515474637153324,-0.015069586880568767,-0.01348656855910135
no_high_branch_blend,regime_overlay,all,-2895.948770084005,-0.02217630905064233,-0.004375529956051734,-0.00409466853856795,-46056.61093148469,-0.016536136487890707,-0.004582968377083768,-0.0040079456959447,-0.0708799679128479,-0.06069773881486429,-0.010363737263103667,-0.01068762567988375
no_high_branch_blend,regime_overlay,high,-8683.966535204181,-0.0918300764079795,-0.013579905203349717,-0.013091343626858803,-120960.9688934377,-0.07597103137536479,-0.016428764275089602,-0.01575538495037165,-0.2539944892842554,-0.25106371105280534,-0.018148807342911768,-0.01770983815334835
no_high_branch_blend,regime_overlay,low,0.03972445149445785,0.03820990629300236,-0.0008368319173397828,-0.0001700923001676141,0.023983178207245937,0.022832664106178985,-6.576518122027638e-05,-5.499664531740038e-05,0.1510718192494198,0.12806994346451528,-0.002136793717769889,-0.001666488594756
no_high_branch_blend,regime_overlay,mid,0.012929421542700362,0.018275700868383746,-0.0031717770165432,-0.0031274323985359003,-17169.83273027137,0.03184778266928824,-0.0017140497200764668,-0.00111405264348245,-0.0907769567395577,-0.09855678343081513,-0.015275799612962833,-0.013630619818998699
no_high_branch_blend,regime_set_calm,all,338.1130233268896,-0.0043204424621431925,0.002670250165098332,0.003066224624692899,-42822.54913807379,-0.00795991926965911,0.0024628117440662987,0.002568613545981849,3233.9909134429813,-0.04090336003696765,-0.003317957141953601,-0.003119731403522251
no_high_branch_blend,regime_set_calm,high,191.91681393487167,0.008004129819963512,0.0032273928920156327,0.004644388564258899,-112085.08554429865,0.009423953101780708,0.0003785338202757481,0.0011097092749568493,8875.629354649769,-0.14582936071387984,-0.001341509247546415,4.5831917354400425e-05
no_high_branch_blend,regime_set_calm,low,-0.018981355024263624,-0.018895527794029227,-0.0006254029663999636,-7.068176358625001e-05,-0.03472262831147554,-0.02321893879687545,0.000145663769719543,0.00015042280360109711,0.09236601273069829,0.08153890213654323,-0.0019253647668300699,-0.0014921628817364998
no_high_branch_blend,regime_set_calm,mid,-0.02331685557956822,-0.027384940722985356,-0.0006690533443817502,-0.0009346641757364501,-17169.868976548492,0.0021382737005562966,0.000788673952084983,0.0017778409521124001,-0.12702323386182626,-0.12328576628232733,-0.012773075940801383,-0.012226546326920499
no_high_branch_blend,regime_set_combo,all,-2895.9472554829476,-0.024211311943553943,-0.004424623756296084,-0.00425980870291815,-46056.60941688362,-0.01857113938080232,-0.004632062177328118,-0.004124206327029152,-0.06936536685590854,-0.06310752676920683,-0.010412831063348017,-0.010566676251555551
no_high_branch_blend,regime_set_combo,high,-8683.969934918934,-0.09399016371482868,-0.014249343966248667,-0.013287898812368248,-120960.97229315246,-0.07672966335142636,-0.017098203037988553,-0.015419522260953753,-0.25739420403569657,-0.25220633644134105,-0.018818246105810715,-0.0167862394094742
no_high_branch_blend,regime_set_combo,low,0.04207931814919169,0.03421055770355258,-0.0008161167022170328,-0.00014413747576494975,0.02633804486197978,0.050511038720269935,-4.504996609752624e-05,-2.7527984645900377e-05,0.15342668590415362,0.14295918592243423,-0.002116078502647139,-0.0016570531905228377
no_high_branch_blend,regime_set_combo,mid,0.018278086326560306,0.01648702302714221,-0.0026503694008631336,-0.00270041862194155,-17169.82738160659,0.038107067697351005,-0.0011926421043964,-0.0002681765688916499,-0.08542829195569775,-0.09054410389616607,-0.014754391997282767,-0.013280973141053698
no_high_branch_blend,regime_set_stress,all,-2895.9152905701862,-0.0034707316990547354,-0.006211189028566784,-0.0062232004111435505,-46056.577451970865,0.0021694408636968865,-0.006418627449598817,-0.0055604904685013015,-0.03740045409440374,-0.034556401148310434,-0.012199396335618716,-0.011970841564021398
no_high_branch_blend,regime_set_stress,high,-8683.98445599336,-0.11932374552585964,-0.01801162809067443,-0.016180819812381297,-120960.98681422688,-0.09957348940828584,-0.020860487162414315,-0.019016593621609252,-0.271915278463133,-0.28056964535901946,-0.02258053023023648,-0.0218168446146439
no_high_branch_blend,regime_set_stress,low,0.13447054252515986,0.12444096572187113,-0.0008369004206932604,-0.00016536847303349973,0.11872926923794792,0.09800566465642785,-6.583368457375396e-05,-5.4341466510157084e-05,0.24581791028012176,0.2485116044671064,-0.0021368622211233672,-0.0016863416240452795
no_high_branch_blend,regime_set_stress,mid,0.04820980964789806,0.05141092334512816,-0.0038285012779429,-0.0039037089270842996,-17169.797449883266,0.056249700985481495,-0.002370773981476167,-0.0023129926487399496,-0.05549656863435998,-0.07419131918072923,-0.015932523874362534,-0.01366914464189685
no_high_branch_blend,rolling_best,all,0.0,0.0,0.0,0.0,-43160.66216140067,0.0030947672778174895,-0.00020743842103203349,-0.00029319815282004974,2895.8778901160917,-0.02015316861286026,-0.005988207307051932,-0.00668273792427905
no_high_branch_blend,rolling_best,high,0.0,0.0,0.0,0.0,-112277.00235823351,0.0035603930443143528,-0.002848859071739885,-0.002834762296729302,8683.712540714898,-0.15783217931403826,-0.004568902139562048,-0.004789215499706002
no_high_branch_blend,rolling_best,low,0.0,0.0,0.0,0.0,-0.01574127328721191,-0.008131601021954371,0.0007710667361195065,0.00011783425804386943,0.11134736775496192,0.0898600371715129,-0.0012999618004301066,-0.00099893950215545
no_high_branch_blend,rolling_best,mid,0.0,0.0,0.0,0.0,-17169.845659692914,0.012219314955475798,0.0014577272964667331,0.0011444708707609003,-0.10370637828225804,-0.08297085754351248,-0.012104022596419633,-0.01222172393749955
no_high_branch_blend,static_best,all,48538.23369692714,0.09764100888979113,0.006053008473852366,0.0042460942551634,5377.57153552647,0.09965030254326254,0.005845570052820333,0.0012885594250904506,51434.11158704324,0.027816489593925714,6.480116680043259e-05,-0.0016805638964446507
no_high_branch_blend,static_best,high,114950.30450933856,0.17945492650247896,0.010638352151297298,0.006461917752532298,2673.302151105037,0.20097386202679035,0.007789493079557413,-0.001181298296158706,123634.01705005346,0.023725596670572557,0.00606945001173525,0.0009190035648018978
no_high_branch_blend,static_best,low,-0.00015036338890196213,-0.02164760725595466,-0.0006139446042560387,-0.00011556308248816542,-0.015891636676113874,-0.0007061025991279557,0.00015712213186346786,6.53417033145651e-06,0.11119700436605995,0.042466752236247046,-0.001913906404686145,-0.001667931544268265
no_high_branch_blend,static_best,mid,19342.287062848478,-0.009282020688795599,0.0013479188786902996,0.0008886979518781498,2172.441403155565,0.0026649713259002464,0.002805646175157033,-9.856120649745048e-05,19342.183356470196,-0.11596930069172094,-0.010756103717729332,-0.00939294898808185
no_high_branch_blend,vix_switch,all,-2895.8778901160917,0.02015316861286026,0.005988207307051932,0.00668273792427905,-46056.540051516764,0.027767102833428536,0.005780768886019899,0.0058264374957553485,0.0,0.0,0.0,0.0
no_high_branch_blend,vix_switch,high,-8683.712540714898,0.15783217931403826,0.004568902139562048,0.004789215499706002,-120960.71489894843,0.17509267967744058,0.0017200430678221631,0.0007790327223698434,0.0,0.0,0.0,0.0
no_high_branch_blend,vix_switch,low,-0.11134736775496192,-0.0898600371715129,0.0012999618004301066,0.00099893950215545,-0.12708864104217385,-0.0904931280277911,0.0020710285365496133,0.0016320001575351223,0.0,0.0,0.0,0.0
no_high_branch_blend,vix_switch,mid,0.10370637828225804,0.08297085754351248,0.012104022596419633,0.01222172393749955,-17169.74195331463,0.12865117159351708,0.013561749892886367,0.01201865721465575,0.0,0.0,0.0,0.0
no_high_branch_blend,xgb,all,-2895.6972385882455,0.15165914383599702,0.007029003187856549,0.0068268416755339015,-46056.35939998892,0.15672767277163116,0.006821564766824516,0.00600330230472125,0.18065152784641536,0.1277835063242837,0.0010407958808046163,0.00101987127452155
no_high_branch_blend,xgb,high,-8683.383218384412,0.31967872882445514,0.027203202068955063,0.026104295698185943,-120960.38557661795,0.3205552820004334,0.024354342997215183,0.022243419263327145,0.3293223304856171,0.18744956571983892,0.022634299929393017,0.022883385931320895
no_high_branch_blend,xgb,low,0.21721336608463293,0.15367330218737835,-0.0008877459129730934,-0.00026031607766745,0.20147209279742104,0.15617056182914574,-0.00011667917685358687,-0.00010336525095997769,0.32856073383959483,0.29218236994242586,-0.0021877077134032,-0.0017969756025257998
no_high_branch_blend,xgb,mid,-0.012623428631762483,-0.02489433768839904,-0.0052450331279742,-0.00517902211710815,-17169.858283121546,0.010114947582211493,-0.003787305831507467,-0.0041061558473571005,-0.11632980691402055,-0.1174691259556184,-0.017349055724393835,-0.01473324044008205
no_regime_similarity_scoring,figarch,all,-2895.7132997240788,0.11580141782993938,-0.016003666669039483,-0.01544561354901295,-46056.37546112476,0.12180396774084482,-0.01621110509007152,-0.0149640536136655,0.1645903920127084,0.14981560810580766,-0.021991873976091415,-0.021645056496264102
no_regime_similarity_scoring,figarch,high,-8684.017406073875,-0.14827987613535315,-0.04191059316697835,-0.03915857168638465,-120961.0197643074,-0.1462284325104536,-0.04475945223871824,-0.04236814795560175,-0.3048653589788197,-0.29742772348362334,-0.04647949530654039,-0.041917211426989946
no_regime_similarity_scoring,figarch,low,0.49364228604887733,0.4797881076049584,-0.000841167629468095,-0.00019564679588563724,0.47790101276166536,0.4641750567039803,-7.01008933485885e-05,-5.286019227522769e-05,0.6049896538038392,0.6165382237111746,-0.002141129429898202,-0.0017404141124051
no_regime_similarity_scoring,figarch,mid,0.29739257815463344,0.2829469945472505,-0.005244700066614607,-0.005314829342005001,-17169.54826711476,0.2141807855195789,-0.0037869727701478734,-0.00321547876165595,0.19368619987237543,0.18353077892384392,-0.01734872266303424,-0.01562836756239397
no_regime_similarity_scoring,garch_t,all,-2895.720524844754,0.10684457672548581,-0.01580407801950195,-0.015321351388896402,-46056.38268624543,0.11284712663639124,-0.016011516440533984,-0.015136533902488102,0.15736527133736575,0.1371301188816916,-0.021792285326553886,-0.021583370672909802
no_regime_similarity_scoring,garch_t,high,-8684.018437492976,-0.15496052802502122,-0.04115038022461557,-0.038507126367892594,-120961.0207957265,-0.13819091862713082,-0.04399923929635546,-0.042474909692722496,-0.30589677807960997,-0.29954192411389585,-0.04571928236417761,-0.04202397316411069
no_regime_similarity_scoring,garch_t,low,0.4870501183069611,0.47978677639854256,-0.000865869828749566,-0.00021151211403533246,0.4713088450197492,0.4626375011597668,-9.480309263005945e-05,-0.00010015669348559545,0.5983974860619231,0.6165368925047587,-0.0021658316291796723,-0.0017561658888468929
no_regime_similarity_scoring,garch_t,mid,0.28333156527914943,0.2661782844192919,-0.005381899980763955,-0.0057147575131629,-17169.562328127635,0.18675818349136405,-0.0039241726842972205,-0.0031005466549932003,0.17962518699689142,0.17318419249565492,-0.017485922577183587,-0.015171384392646661
no_regime_similarity_scoring,gru,all,-2895.8124580107155,0.09192448699235592,0.02249023386389173,0.023770625452002446,-46056.4746194114,0.09226483375533126,0.022282795442859698,0.02163464345971445,0.06543210537641683,0.07146543105907618,0.0165020265568398,0.0164979939050457
no_regime_similarity_scoring,gru,high,-8683.298851988267,0.4982575537843393,0.0528006674957657,0.0540264293669228,-120960.30121022178,0.4975732205139559,0.04995180842402582,0.046269099291771504,0.41368872662924633,0.39524012017832505,0.04823176535620365,0.0486226220166241
no_regime_similarity_scoring,gru,low,-0.19488880763279168,-0.21781331371238405,0.0013062794491514398,0.0010068184384337997,-0.21063008092000357,-0.2022963574042786,0.0020773461852709465,0.001639879093813472,-0.08354143987782973,-0.06464594878932371,6.31764872133333e-06,0.0
no_regime_similarity_scoring,gru,mid,-0.030414258207294587,-0.027597507101652756,0.01335140487785805,0.013339157468944351,-17169.876073951124,-0.008869199820631161,0.014809132174324785,0.0126801422933754,-0.13412063648955264,-0.11007373193306988,0.0012473822814384168,0.000839125055046101
no_regime_similarity_scoring,har,all,43160.66216140067,-0.0030947672778174895,0.00020743842103203349,0.00029319815282004974,0.0,0.0,0.0,0.0,46056.540051516764,-0.027767102833428536,-0.005780768886019899,-0.0058264374957553485
no_regime_similarity_scoring,har,high,112277.00235823351,-0.0035603930443143528,0.002848859071739885,0.002834762296729302,0.0,0.0,0.0,0.0,120960.71489894843,-0.17509267967744058,-0.0017200430678221631,-0.0007790327223698434
no_regime_similarity_scoring,har,low,0.01574127328721191,0.008131601021954371,-0.0007710667361195065,-0.00011783425804386943,0.0,0.0,0.0,0.0,0.12708864104217385,0.0904931280277911,-0.0020710285365496133,-0.0016320001575351223
no_regime_similarity_scoring,har,mid,17169.845659692914,-0.012219314955475798,-0.0014577272964667331,-0.0011444708707609003,0.0,0.0,0.0,0.0,17169.74195331463,-0.12865117159351708,-0.013561749892886367,-0.01201865721465575
no_regime_similarity_scoring,regime_high_branch,all,-2895.9319930725524,-0.00879991616457712,-0.0043598094479508345,-0.004222695127072551,-46056.59415447323,-0.0031597436018254987,-0.004567247868982867,-0.0052801700768007,-0.05410295646016242,-0.03747646104945854,-0.010348016755002768,-0.01079777754760165
no_regime_similarity_scoring,regime_high_branch,high,-8683.951598187103,-0.08461654961153844,-0.013048868263755583,-0.013716577867975505,-120960.95395642064,-0.08044577114216339,-0.01589772733549547,-0.018465520655835,-0.23905747220568507,-0.25553845081960397,-0.01761777040331763,-0.0182216711672359
no_regime_similarity_scoring,regime_high_branch,low,0.06675311360074258,0.06253942217146549,-0.0008318696419529841,-0.00016238379716869682,0.05101184031353067,0.04379724655745093,-6.080290583347752e-05,-4.594413860120038e-05,0.17810048135570453,0.15239945934297838,-0.0021318314423830905,-0.0016714121628700652
no_regime_similarity_scoring,regime_high_branch,mid,0.023315165022957756,0.023301737742184053,-0.003650896478565717,-0.0036060821878568503,-17169.822344527893,0.04184531233753336,-0.0021931691820989835,-0.0020973691853974504,-0.08039121325930029,-0.07132336424324832,-0.01575491907498535,-0.013649580446335248
no_regime_similarity_scoring,regime_low_branch,all,338.11548797014194,-0.004756006209563152,-0.0003016589924631173,4.6374195312099895e-05,-42822.54667343054,-0.006363939501393245,-0.0005090974134951508,-9.866995960845087e-05,3233.993378086234,-0.04133604006662489,-0.00628986629951505,-0.0063975618034127005
no_regime_similarity_scoring,regime_low_branch,high,191.87591975982824,-0.03378254461040925,-0.002454844394658167,-0.0017663423568188008,-112085.1264384737,-0.03356180959134675,-0.005303703466398052,-0.005104655450996698,8875.588460474724,-0.20865448926878732,-0.007023746534220215,-0.007126631209277
no_regime_similarity_scoring,regime_low_branch,low,0.027175006014030584,0.023677808355298147,-0.0008433886681063047,-0.00017604597442384684,0.011433732726818671,0.012175175186031117,-7.232193198679819e-05,-5.9606315856350384e-05,0.13852237376899248,0.11353784552681105,-0.002143350468536411,-0.0016850743401252153
no_regime_similarity_scoring,regime_low_branch,mid,-0.011420482292386618,-0.005671279676411595,-0.00306699239310225,-0.0027942044822155503,-17169.857080175207,0.011552798864763895,-0.0016092650966355168,-0.0013119505524566504,-0.11512686057464466,-0.11338743304262863,-0.015171014989521883,-0.013495164528526948
no_regime_similarity_scoring,regime_overlay,all,-2895.938521424634,-0.013920481092741022,-0.004095674593208867,-0.00395189960491815,-46056.600682825316,-0.0082803085299894,-0.0043031130142409,-0.004755788986895399,-0.06063130854176733,-0.044442973564025656,-0.0100838819002608,-0.011147785458632549
no_regime_similarity_scoring,regime_overlay,high,-8683.949559467861,-0.08544265505386597,-0.012443117889448518,-0.012231358194605656,-120960.95191770139,-0.0730616566434952,-0.015291976961188404,-0.0172493683709461,-0.23701875296540864,-0.24815433632093578,-0.017012020029010564,-0.01797385232294115
no_regime_similarity_scoring,regime_overlay,low,0.05094893536247294,0.049819088147514734,-0.0008442964018619809,-0.00017787269791839683,0.03520766207526103,0.032523940405652485,-7.322966574247444e-05,-6.143303935090038e-05,0.16229630311743484,0.13967912531902765,-0.0021442582022920876,-0.0016869010636197655
no_regime_similarity_scoring,regime_overlay,mid,0.015730665121058862,0.01746105462071719,-0.0035129211555113,-0.0032522351678480497,-17169.829929027794,0.039145668653050344,-0.0020551938590445667,-0.0018595164779922498,-0.08797571316119919,-0.08146499768859838,-0.015616943751930934,-0.013827354204586
no_regime_similarity_scoring,regime_set_calm,all,338.1141121873418,-0.0058600874414746484,0.001967791691273583,0.0016907161428287992,-42822.548049213336,-0.0075521378395035366,0.0017603532702415495,0.00180026807823515,3233.9920023034338,-0.043745689017893,-0.0040204156157783505,-0.004522594287019649
no_regime_similarity_scoring,regime_set_calm,high,191.90732591184857,-0.007197136158606121,0.0024313923636259485,0.0022172492858992983,-112085.09503232168,-0.0077886628844413,-0.00041746670811393616,-0.00046076436616510064,8875.619866626746,-0.1759413742378138,-0.0021375097759360993,-0.0010861794573968492
no_regime_similarity_scoring,regime_set_calm,low,-0.0036410917669187914,-0.004602095113742127,-0.0008112734481976826,-0.00015890317856689682,-0.019382365054130702,-0.02433308575274995,-4.020671207817617e-05,-4.2463519999400374e-05,0.10770627598804312,0.0892805889182242,-0.0021112352486277893,-0.0016594310493960164
no_regime_similarity_scoring,regime_set_calm,mid,-0.022486796927086012,-0.0219466590808632,-0.0016627972855705333,-0.0019364970302654504,-17169.86814648984,0.002039060964036443,-0.00020506998910380008,-0.0001659711763361501,-0.12619317520934406,-0.12756355520892526,-0.013766819881990166,-0.01306976611079105
no_regime_similarity_scoring,regime_set_combo,all,-2895.93813202626,-0.01337135919376109,-0.00391336619695905,-0.0039426275356894,-46056.60029342693,-0.007731186631009468,-0.004120804617991083,-0.0046110765379148,-0.060241910168526175,-0.046622668971555925,-0.009901573504010983,-0.010618780013091848
no_regime_similarity_scoring,regime_set_combo,high,-8683.948135749075,-0.0813324695909185,-0.012058599067189082,-0.012760354847879005,-120960.95049398259,-0.07446843101261322,-0.01490745813892897,-0.0171831201517221,-0.2355950341783127,-0.2495611106900538,-0.01662750120675113,-0.01734397331228595
no_regime_similarity_scoring,regime_set_combo,low,0.050156908266491,0.04179157909825962,-0.0008301771071586806,-0.00016238379716869682,0.034415634979279096,0.03015990383209166,-5.911037103917405e-05,-4.594413860120038e-05,0.16150427602145292,0.13483271442088673,-0.002130138907588787,-0.0016714121628700652
no_regime_similarity_scoring,regime_set_combo,mid,0.015873428639197735,0.015519547219117358,-0.0034074910074474002,-0.00348457038966685,-17169.829786264276,0.03720340771376961,-0.001949763710980667,-0.0015388811538328503,-0.08783294964306032,-0.07688706348618443,-0.015511513603867032,-0.013599363862734899
no_regime_similarity_scoring,regime_set_stress,all,-2895.919311872824,0.001620431500532371,-0.004791324533917083,-0.0044892294475122,-46056.581473273494,0.007260604063283993,-0.004998762954949117,-0.0059914144224782005,-0.041421756732402386,-0.026690957497644996,-0.010779531840969017,-0.011017070989031649
no_regime_similarity_scoring,regime_set_stress,high,-8683.952007006346,-0.08623381710512223,-0.014093881376849868,-0.014580826118346355,-120960.95436523987,-0.08501025042278834,-0.01694274044858975,-0.019821817322030102,-0.23946629144966158,-0.25987774804782504,-0.018662783516411915,-0.0193540643262499
no_regime_similarity_scoring,regime_set_stress,low,0.09297394527384407,0.09504626764961793,-0.000831869641952984,-0.00016238379716869682,0.07723267198663217,0.07323383989791707,-6.080290583347751e-05,-4.594413860120038e-05,0.204321313028806,0.18490630482113085,-0.0021318314423830905,-0.0016714121628700652
no_regime_similarity_scoring,regime_set_stress,mid,0.03841992914517761,0.03595788571212204,-0.0037925779983353503,-0.0036226709791950503,-17169.80723976377,0.05014460313781699,-0.002334850701868617,-0.0024523132734563004,-0.06528644913708044,-0.05759608034169848,-0.01589660059475498,-0.0137030921262471
no_regime_similarity_scoring,rolling_best,all,0.0,0.0,0.0,0.0,-43160.66216140067,0.0030947672778174895,-0.00020743842103203349,-0.00029319815282004974,2895.8778901160917,-0.02015316861286026,-0.005988207307051932,-0.00668273792427905
no_regime_similarity_scoring,rolling_best,high,0.0,0.0,0.0,0.0,-112277.00235823351,0.0035603930443143528,-0.002848859071739885,-0.002834762296729302,8683.712540714898,-0.15783217931403826,-0.004568902139562048,-0.004789215499706002
no_regime_similarity_scoring,rolling_best,low,0.0,0.0,0.0,0.0,-0.01574127328721191,-0.008131601021954371,0.0007710667361195065,0.00011783425804386943,0.11134736775496192,0.0898600371715129,-0.0012999618004301066,-0.00099893950215545
no_regime_similarity_scoring,rolling_best,mid,0.0,0.0,0.0,0.0,-17169.845659692914,0.012219314955475798,0.0014577272964667331,0.0011444708707609003,-0.10370637828225804,-0.08297085754351248,-0.012104022596419633,-0.01222172393749955
no_regime_similarity_scoring,static_best,all,48538.23369692714,0.09764100888979113,0.006053008473852366,0.0042460942551634,5377.57153552647,0.09965030254326254,0.005845570052820333,0.0012885594250904506,51434.11158704324,0.027816489593925714,6.480116680043259e-05,-0.0016805638964446507
no_regime_similarity_scoring,static_best,high,114950.30450933856,0.17945492650247896,0.010638352151297298,0.006461917752532298,2673.302151105037,0.20097386202679035,0.007789493079557413,-0.001181298296158706,123634.01705005346,0.023725596670572557,0.00606945001173525,0.0009190035648018978
no_regime_similarity_scoring,static_best,low,-0.00015036338890196213,-0.02164760725595466,-0.0006139446042560387,-0.00011556308248816542,-0.015891636676113874,-0.0007061025991279557,0.00015712213186346786,6.53417033145651e-06,0.11119700436605995,0.042466752236247046,-0.001913906404686145,-0.001667931544268265
no_regime_similarity_scoring,static_best,mid,19342.287062848478,-0.009282020688795599,0.0013479188786902996,0.0008886979518781498,2172.441403155565,0.0026649713259002464,0.002805646175157033,-9.856120649745048e-05,19342.183356470196,-0.11596930069172094,-0.010756103717729332,-0.00939294898808185
no_regime_similarity_scoring,vix_switch,all,-2895.8778901160917,0.02015316861286026,0.005988207307051932,0.00668273792427905,-46056.540051516764,0.027767102833428536,0.005780768886019899,0.0058264374957553485,0.0,0.0,0.0,0.0
no_regime_similarity_scoring,vix_switch,high,-8683.712540714898,0.15783217931403826,0.004568902139562048,0.004789215499706002,-120960.71489894843,0.17509267967744058,0.0017200430678221631,0.0007790327223698434,0.0,0.0,0.0,0.0
no_regime_similarity_scoring,vix_switch,low,-0.11134736775496192,-0.0898600371715129,0.0012999618004301066,0.00099893950215545,-0.12708864104217385,-0.0904931280277911,0.0020710285365496133,0.0016320001575351223,0.0,0.0,0.0,0.0
no_regime_similarity_scoring,vix_switch,mid,0.10370637828225804,0.08297085754351248,0.012104022596419633,0.01222172393749955,-17169.74195331463,0.12865117159351708,0.013561749892886367,0.01201865721465575,0.0,0.0,0.0,0.0
no_regime_similarity_scoring,xgb,all,-2895.6972385882455,0.15165914383599702,0.007029003187856549,0.0068268416755339015,-46056.35939998892,0.15672767277163116,0.006821564766824516,0.00600330230472125,0.18065152784641536,0.1277835063242837,0.0010407958808046163,0.00101987127452155
no_regime_similarity_scoring,xgb,high,-8683.383218384412,0.31967872882445514,0.027203202068955063,0.026104295698185943,-120960.38557661795,0.3205552820004334,0.024354342997215183,0.022243419263327145,0.3293223304856171,0.18744956571983892,0.022634299929393017,0.022883385931320895
no_regime_similarity_scoring,xgb,low,0.21721336608463293,0.15367330218737835,-0.0008877459129730934,-0.00026031607766745,0.20147209279742104,0.15617056182914574,-0.00011667917685358687,-0.00010336525095997769,0.32856073383959483,0.29218236994242586,-0.0021877077134032,-0.0017969756025257998
no_regime_similarity_scoring,xgb,mid,-0.012623428631762483,-0.02489433768839904,-0.0052450331279742,-0.00517902211710815,-17169.858283121546,0.010114947582211493,-0.003787305831507467,-0.0041061558473571005,-0.11632980691402055,-0.1174691259556184,-0.017349055724393835,-0.01473324044008205
no_risk_sensitive_scoring,figarch,all,-2895.7153384598473,0.11323336734707426,-0.01922001769143788,-0.018661969264133903,-46056.37546112476,0.12180396774084482,-0.01621110509007152,-0.0149640536136655,0.1645903920127084,0.14981560810580766,-0.021991873976091415,-0.021645056496264102
no_risk_sensitive_scoring,figarch,high,-8684.067967018922,-0.22054597488511074,-0.04857557070581617,-0.04558238481786345,-120961.0197643074,-0.1462284325104536,-0.04475945223871824,-0.04236814795560175,-0.3048653589788197,-0.29742772348362334,-0.04647949530654039,-0.041917211426989946
no_risk_sensitive_scoring,figarch,low,0.5340540365274227,0.512796280286709,-0.0010017324054323268,-0.00039576908307228725,0.47790101276166536,0.4641750567039803,-7.01008933485885e-05,-5.286019227522769e-05,0.6049896538038392,0.6165382237111746,-0.002141129429898202,-0.0017404141124051
no_risk_sensitive_scoring,figarch,mid,0.3014337815510692,0.2862371578997313,-0.008067679235421924,-0.007703371339646521,-17169.54826711476,0.2141807855195789,-0.0037869727701478734,-0.00321547876165595,0.19368619987237543,0.18353077892384392,-0.01734872266303424,-0.01562836756239397
no_risk_sensitive_scoring,garch_t,all,-2895.7225635805225,0.10427652624262068,-0.01902042904190035,-0.018600283440779602,-46056.38268624543,0.11284712663639124,-0.016011516440533984,-0.015136533902488102,0.15736527133736575,0.1371301188816916,-0.021792285326553886,-0.021583370672909802
no_risk_sensitive_scoring,garch_t,high,-8684.068998438022,-0.2272266267747788,-0.04781535776345338,-0.044930939499371395,-120961.0207957265,-0.13819091862713082,-0.04399923929635546,-0.042474909692722496,-0.30589677807960997,-0.29954192411389585,-0.04571928236417761,-0.04202397316411069
no_risk_sensitive_scoring,garch_t,low,0.5274618687855065,0.5127949490802932,-0.0010264346047137976,-0.0004116344012219825,0.4713088450197492,0.4626375011597668,-9.480309263005945e-05,-0.00010015669348559545,0.5983974860619231,0.6165368925047587,-0.0021658316291796723,-0.0017561658888468929
no_risk_sensitive_scoring,garch_t,mid,0.2873727686755852,0.2694684477717727,-0.008204879149571272,-0.007838635817207264,-17169.562328127635,0.18675818349136405,-0.0039241726842972205,-0.0031005466549932003,0.17962518699689142,0.17318419249565492,-0.017485922577183587,-0.015171384392646661
no_risk_sensitive_scoring,gru,all,-2895.8144967464837,0.0874463892485842,0.019273882841493332,0.02034459077391055,-46056.4746194114,0.09226483375533126,0.022282795442859698,0.02163464345971445,0.06543210537641683,0.07146543105907618,0.0165020265568398,0.0164979939050457
no_risk_sensitive_scoring,gru,high,-8683.349412933314,0.44369637043627597,0.046135689956927885,0.04676617145688535,-120960.30121022178,0.4975732205139559,0.04995180842402582,0.046269099291771504,0.41368872662924633,0.39524012017832505,0.04823176535620365,0.0486226220166241
no_risk_sensitive_scoring,gru,low,-0.15447705715424628,-0.17649455990156532,0.0011457146731872082,0.00098342090720045,-0.21063008092000357,-0.2022963574042786,0.0020773461852709465,0.001639879093813472,-0.08354143987782973,-0.06464594878932371,6.31764872133333e-06,0.0
no_risk_sensitive_scoring,gru,mid,-0.026373054810858835,-0.027958343706299363,0.010528425709050734,0.01148133781290285,-17169.876073951124,-0.008869199820631161,0.014809132174324785,0.0126801422933754,-0.13412063648955264,-0.11007373193306988,0.0012473822814384168,0.000839125055046101
no_risk_sensitive_scoring,har,all,43160.66012266491,-0.005255431509518682,-0.0030089126013663654,-0.0031391504916608495,0.0,0.0,0.0,0.0,46056.540051516764,-0.027767102833428536,-0.005780768886019899,-0.0058264374957553485
no_risk_sensitive_scoring,har,high,112276.95179728848,-0.062159030177983354,-0.00381611846709793,-0.004298325181661046,0.0,0.0,0.0,0.0,120960.71489894843,-0.17509267967744058,-0.0017200430678221631,-0.0007790327223698434
no_risk_sensitive_scoring,har,low,0.056153023765757294,0.06075404534550538,-0.0009316315120837382,-0.00031786910501469716,0.0,0.0,0.0,0.0,0.12708864104217385,0.0904931280277911,-0.0020710285365496133,-0.0016320001575351223
no_risk_sensitive_scoring,har,mid,17169.84970089631,-0.00861311368629205,-0.00428070646527405,-0.00432075146850565,0.0,0.0,0.0,0.0,17169.74195331463,-0.12865117159351708,-0.013561749892886367,-0.01201865721465575
no_risk_sensitive_scoring,regime_high_branch,all,-2895.9364548399485,-0.024843014338206293,-0.007918759836724399,-0.007414521844821348,-46056.59657750486,-0.01735462509584701,-0.004909847235358034,-0.004370441283254801,-0.05652598808872319,-0.05013898087141952,-0.010690616121377934,-0.010664168286051849
no_risk_sensitive_scoring,regime_high_branch,high,-8684.03033886996,-0.17374295571365722,-0.020731905904191817,-0.0187484861423565,-120960.98213615845,-0.08873378891897465,-0.016915787437093887,-0.0158181043473971,-0.2672372100170444,-0.26596785401495016,-0.01863583050491605,-0.0173202847303191
no_risk_sensitive_scoring,regime_high_branch,low,0.12764997449095775,0.10815751363741608,-0.0009997805164518416,-0.00034836541973249974,0.07149695072520044,0.0630549426944545,-6.814900436810354e-05,-5.4352822545469424e-05,0.1985855917673743,0.19040696391207707,-0.0021391775409177164,-0.0016863529800805917
no_risk_sensitive_scoring,regime_high_branch,mid,0.0312366045071996,0.03524431458706685,-0.0064667643185721164,-0.006367034027848701,-17169.818464291802,0.033772555612819395,-0.002186057853298067,-0.0015677592184481504,-0.0765109771714942,-0.09496672099477191,-0.015747807746184433,-0.013613240355352049
no_risk_sensitive_scoring,regime_low_branch,all,338.10936866831725,-0.009987748085055509,-0.0008778957310142497,-0.0006817860878764494,-42822.55075399659,-0.00926255827514047,0.002131016870352116,0.002491129092709099,3233.989297520178,-0.05064436893243171,-0.003649752015667784,-0.0037914168923865506
no_risk_sensitive_scoring,regime_low_branch,high,191.85951674321436,-0.04243793845334362,-0.0038750426526813673,-0.0036155877505738496,-112085.09228054526,0.000508277549446462,-5.892418558343706e-05,0.0003869051883418975,8875.622618403157,-0.15882721487140272,-0.0017789672534056003,-0.00017775087616580393
no_risk_sensitive_scoring,regime_low_branch,low,0.02106479966406395,0.024356689175868973,-0.0009531734656533425,-0.00035894761410537937,-0.03508822410169335,-0.041403095552095065,-2.154195356960434e-05,-3.498203444795307e-05,0.09200041694048049,0.0867554985299454,-0.0020925704901192175,-0.00163411041465585
no_risk_sensitive_scoring,regime_low_branch,mid,-0.01640807492727008,-0.01207913379018654,-0.00383224572776055,-0.0038606647013792006,-17169.866108971237,0.004076176468593255,0.0004484607375135,0.0012532680986724503,-0.12415565660596388,-0.12456365755860703,-0.013113289155372868,-0.0127048128230117
no_risk_sensitive_scoring,regime_overlay,all,-2895.953498622524,-0.03037192825703497,-0.005283487790022833,-0.004993961278766451,-46056.61362128743,-0.022883539014675686,-0.002274575188656467,-0.0018548107871056013,-0.07356977066384987,-0.063541692704538,-0.008055344074676367,-0.0078758046501175
no_risk_sensitive_scoring,regime_overlay,high,-8683.994730945808,-0.12602894422429592,-0.015176274594434033,-0.014713171415024994,-120960.94652823429,-0.04802107520650514,-0.011360156127336101,-0.010972277918320953,-0.23162928586527906,-0.22839821549312414,-0.013080199195158265,-0.010967839666085097
no_risk_sensitive_scoring,regime_overlay,low,0.04905951947437901,0.049920949979524565,-0.0009692827681839232,-0.0003637811136955509,-0.007093504291378283,0.005923974824550149,-3.765125610018514e-05,-3.8944457569024e-05,0.11999513675079555,0.11058769671591955,-0.0021086797926497983,-0.00166057999408285
no_risk_sensitive_scoring,regime_overlay,mid,0.011357086730668363,0.014973225998649808,-0.004700177123295317,-0.004372609186016601,-17169.83834380958,0.023514933294914046,-0.0004194706580212668,0.0005699051517720002,-0.09639049494802543,-0.10716725769709043,-0.013981220550907633,-0.01317187380720955
no_risk_sensitive_scoring,regime_set_calm,all,338.1098709870065,-0.004171656525494644,0.0026817209312176827,0.002757106013892849,-42822.5502516779,-0.01162199757936444,0.005690633532584048,0.005878312549517598,3233.9897998388665,-0.04716376327021732,-9.013535343585163e-05,0.00013626471734849883
no_risk_sensitive_scoring,regime_set_calm,high,191.90841575172863,0.002921543814709243,0.0022724116962388684,0.002119060670614556,-112085.04338153674,0.05466052239992264,0.006088530163336798,0.006276731749422948,8875.67151741167,-0.1033720306896016,0.004368487095514635,0.005991730401866402
no_risk_sensitive_scoring,regime_set_calm,low,-0.034371756363858086,-0.03429207613144891,-0.0004572270813586083,-0.00015396734506265003,-0.09052478012961539,-0.07108456974019364,0.00047440443072512976,0.0003110723312284,0.036563860912558456,0.02914445763482071,-0.0015966241058244833,-0.0011159846271019498
no_risk_sensitive_scoring,regime_set_calm,mid,-0.01994441241063332,-0.022678983663551998,-0.0004269246440496666,-0.00036812751888194977,-17169.86964530872,0.004866693347878544,0.0038537818212243838,0.004212927921441401,-0.1276919940893271,-0.11740830399289554,-0.009707968071661983,-0.0101516499926263
no_risk_sensitive_scoring,regime_set_combo,all,-2895.9531808855877,-0.03499454669270283,-0.00618519637508175,-0.005602315336317099,-46056.61330355049,-0.027506157450343544,-0.003176283773715384,-0.0027723820357996014,-0.0732520337273204,-0.06815345378108353,-0.008957052659735284,-0.008840193136612901
no_risk_sensitive_scoring,regime_set_combo,high,-8684.010018761473,-0.14666851278194576,-0.017496189496478017,-0.015882419435191097,-120960.96181604994,-0.06839680150161603,-0.013680071029380084,-0.012602800841391048,-0.24691710153069782,-0.24590885142619573,-0.015400114097202247,-0.014566630164007697
no_risk_sensitive_scoring,regime_set_combo,low,0.06034060674138794,0.049752864624873466,-0.0009455878177036906,-0.00030270179408999976,0.004187582975630645,0.027597445735150106,-1.3956305619952392e-05,2.5429928418472496e-06,0.13127622401780448,0.12414447385624613,-0.0020849848421695652,-0.0016165665442517724
no_risk_sensitive_scoring,regime_set_combo,mid,0.018216900030813384,0.018210035186008416,-0.004906528398531468,-0.0050138456591887,-17169.83148399628,0.029112991022458998,-0.0006258219332574171,-0.00020116696827949978,-0.08953068164788042,-0.09953818057105808,-0.014187571826143783,-0.012965122508160998
no_risk_sensitive_scoring,regime_set_stress,all,-2895.897891900411,0.004512737651866411,-0.009299784757230199,-0.009069845069694148,-46056.558014565315,0.012001126894225694,-0.0062908721558638326,-0.00606964316097325,-0.017963048550499305,-0.005971647699622995,-0.012071641041883734,-0.012089024648040899
no_risk_sensitive_scoring,regime_set_stress,high,-8684.041772966168,-0.18866306427170795,-0.0238596977218096,-0.0220469796912389,-120960.99357025465,-0.101279479742729,-0.02004357925471167,-0.019619141945613303,-0.27867130622520386,-0.29080468649813196,-0.021763622322533833,-0.02002347381675985
no_risk_sensitive_scoring,regime_set_stress,low,0.23129165610420674,0.2071777884401981,-0.0010103502198599754,-0.0003638875796896997,0.17513863233844942,0.13804561663803216,-7.871870777623739e-05,-7.050207236926261e-05,0.3022272733806233,0.29662330812444815,-0.0021497472443258504,-0.0017025022299043849
no_risk_sensitive_scoring,regime_set_stress,mid,0.06761146786331201,0.06815810089846336,-0.0071517781382132994,-0.00655580275408265,-17169.78208942845,0.059317055625208885,-0.00287107167293925,-0.00294618602379605,-0.040136113815381784,-0.049849802735847146,-0.016432821565825616,-0.0139157956846909
no_risk_sensitive_scoring,rolling_best,all,0.0,0.0,0.0,0.0,-43160.66012266491,0.005255431509518682,0.0030089126013663654,0.0031391504916608495,2895.8799288518603,-0.021502056890625898,-0.0027718562846535343,-0.0030502347681543515
no_risk_sensitive_scoring,rolling_best,high,0.0,0.0,0.0,0.0,-112276.95179728848,0.062159030177983354,0.00381611846709793,0.004298325181661046,8683.763101659943,-0.08556608056428067,0.0020960753992757667,0.003250659874819248
no_risk_sensitive_scoring,rolling_best,low,0.0,0.0,0.0,0.0,-0.056153023765757294,-0.06075404534550538,0.0009316315120837382,0.00031786910501469716,0.07093561727641655,0.06239880935407642,-0.001139397024465875,-0.0009755419709221
no_risk_sensitive_scoring,rolling_best,mid,0.0,0.0,0.0,0.0,-17169.84970089631,0.00861311368629205,0.00428070646527405,0.00432075146850565,-0.1077475816786938,-0.08918526908167448,-0.009281043427612316,-0.00973171421754345
no_risk_sensitive_scoring,static_best,all,-2895.844423209132,0.040092799874959395,0.006152947064975034,0.00559030218758955,-46056.50454587404,0.042605689930738544,0.009161859666341398,0.0096250997835679,0.03550564272826273,0.027816489593925714,0.0033810907803214995,0.005018173323928099
no_risk_sensitive_scoring,static_best,high,-8683.658162623606,-0.040158713969487,0.011486024474394266,0.010808864466878149,-120960.60995991208,-0.009367215610266183,0.015302142941492196,0.018162954440300243,0.10493903633624642,0.023725596670572557,0.013582099873670034,0.0172045542869583
no_risk_sensitive_scoring,static_best,low,0.011232733156314909,-0.02243100471901957,-0.0005506505623079317,-0.0002834992947692454,-0.04492029060944239,-0.08738444708386656,0.00038098094977580634,8.335151986494674e-05,0.08216835043273145,0.012682725292781749,-0.0016900475867738067,-0.00133831967636777
no_risk_sensitive_scoring,static_best,mid,0.00576110453335887,-0.019767444314488403,7.13218128597833e-05,-3.128625627220002e-05,-17169.84393979178,-0.010370727823466604,0.004352028278133834,0.00428732685755245,-0.10198647714533493,-0.12681715358461665,-0.009209721614752532,-0.00856201460855845
no_risk_sensitive_scoring,vix_switch,all,-2895.8799288518603,0.021502056890625898,0.0027718562846535343,0.0030502347681543515,-46056.540051516764,0.027767102833428536,0.005780768886019899,0.0058264374957553485,0.0,0.0,0.0,0.0
no_risk_sensitive_scoring,vix_switch,high,-8683.763101659943,0.08556608056428067,-0.0020960753992757667,-0.003250659874819248,-120960.71489894843,0.17509267967744058,0.0017200430678221631,0.0007790327223698434,0.0,0.0,0.0,0.0
no_risk_sensitive_scoring,vix_switch,low,-0.07093561727641655,-0.06239880935407642,0.001139397024465875,0.0009755419709221,-0.12708864104217385,-0.0904931280277911,0.0020710285365496133,0.0016320001575351223,0.0,0.0,0.0,0.0
no_risk_sensitive_scoring,vix_switch,mid,0.1077475816786938,0.08918526908167448,0.009281043427612316,0.00973171421754345,-17169.74195331463,0.12865117159351708,0.013561749892886367,0.01201865721465575,0.0,0.0,0.0,0.0
no_risk_sensitive_scoring,xgb,all,-2895.699277324014,0.1503900301107012,0.0038126521654581504,0.0034727187391015,-46056.35939998892,0.15672767277163116,0.006821564766824516,0.00600330230472125,0.18065152784641536,0.1277835063242837,0.0010407958808046163,0.00101987127452155
no_risk_sensitive_scoring,xgb,high,-8683.433779329456,0.27450278987576304,0.02053822453011725,0.01858792223506365,-120960.38557661795,0.3205552820004334,0.024354342997215183,0.022243419263327145,0.3293223304856171,0.18744956571983892,0.022634299929393017,0.022883385931320895
no_risk_sensitive_scoring,xgb,low,0.25762511656317827,0.20333073767178078,-0.0010483106889373252,-0.00046043836485410003,0.20147209279742104,0.15617056182914574,-0.00011667917685358687,-0.00010336525095997769,0.32856073383959483,0.29218236994242586,-0.0021877077134032,-0.0017969756025257998
no_risk_sensitive_scoring,xgb,mid,-0.008582225235326734,-0.01570005424692599,-0.008068012296781517,-0.007482778218842551,-17169.858283121546,0.010114947582211493,-0.003787305831507467,-0.0041061558473571005,-0.11632980691402055,-0.1174691259556184,-0.017349055724393835,-0.01473324044008205
stress_median_branch,figarch,all,-2895.7132997240788,0.11580141782993938,-0.016003666669039483,-0.01544561354901295,-46056.37546112476,0.12180396774084482,-0.01621110509007152,-0.0149640536136655,0.1645903920127084,0.14981560810580766,-0.021991873976091415,-0.021645056496264102
stress_median_branch,figarch,high,-8684.017406073875,-0.14827987613535315,-0.04191059316697835,-0.03915857168638465,-120961.0197643074,-0.1462284325104536,-0.04475945223871824,-0.04236814795560175,-0.3048653589788197,-0.29742772348362334,-0.04647949530654039,-0.041917211426989946
stress_median_branch,figarch,low,0.49364228604887733,0.4797881076049584,-0.000841167629468095,-0.00019564679588563724,0.47790101276166536,0.4641750567039803,-7.01008933485885e-05,-5.286019227522769e-05,0.6049896538038392,0.6165382237111746,-0.002141129429898202,-0.0017404141124051
stress_median_branch,figarch,mid,0.29739257815463344,0.2829469945472505,-0.005244700066614607,-0.005314829342005001,-17169.54826711476,0.2141807855195789,-0.0037869727701478734,-0.00321547876165595,0.19368619987237543,0.18353077892384392,-0.01734872266303424,-0.01562836756239397
stress_median_branch,garch_t,all,-2895.720524844754,0.10684457672548581,-0.01580407801950195,-0.015321351388896402,-46056.38268624543,0.11284712663639124,-0.016011516440533984,-0.015136533902488102,0.15736527133736575,0.1371301188816916,-0.021792285326553886,-0.021583370672909802
stress_median_branch,garch_t,high,-8684.018437492976,-0.15496052802502122,-0.04115038022461557,-0.038507126367892594,-120961.0207957265,-0.13819091862713082,-0.04399923929635546,-0.042474909692722496,-0.30589677807960997,-0.29954192411389585,-0.04571928236417761,-0.04202397316411069
stress_median_branch,garch_t,low,0.4870501183069611,0.47978677639854256,-0.000865869828749566,-0.00021151211403533246,0.4713088450197492,0.4626375011597668,-9.480309263005945e-05,-0.00010015669348559545,0.5983974860619231,0.6165368925047587,-0.0021658316291796723,-0.0017561658888468929
stress_median_branch,garch_t,mid,0.28333156527914943,0.2661782844192919,-0.005381899980763955,-0.0057147575131629,-17169.562328127635,0.18675818349136405,-0.0039241726842972205,-0.0031005466549932003,0.17962518699689142,0.17318419249565492,-0.017485922577183587,-0.015171384392646661
stress_median_branch,gru,all,-2895.8124580107155,0.09192448699235592,0.02249023386389173,0.023770625452002446,-46056.4746194114,0.09226483375533126,0.022282795442859698,0.02163464345971445,0.06543210537641683,0.07146543105907618,0.0165020265568398,0.0164979939050457
stress_median_branch,gru,high,-8683.298851988267,0.4982575537843393,0.0528006674957657,0.0540264293669228,-120960.30121022178,0.4975732205139559,0.04995180842402582,0.046269099291771504,0.41368872662924633,0.39524012017832505,0.04823176535620365,0.0486226220166241
stress_median_branch,gru,low,-0.19488880763279168,-0.21781331371238405,0.0013062794491514398,0.0010068184384337997,-0.21063008092000357,-0.2022963574042786,0.0020773461852709465,0.001639879093813472,-0.08354143987782973,-0.06464594878932371,6.31764872133333e-06,0.0
stress_median_branch,gru,mid,-0.030414258207294587,-0.027597507101652756,0.01335140487785805,0.013339157468944351,-17169.876073951124,-0.008869199820631161,0.014809132174324785,0.0126801422933754,-0.13412063648955264,-0.11007373193306988,0.0012473822814384168,0.000839125055046101
stress_median_branch,har,all,43160.66216140067,-0.0030947672778174895,0.00020743842103203349,0.00029319815282004974,0.0,0.0,0.0,0.0,46056.540051516764,-0.027767102833428536,-0.005780768886019899,-0.0058264374957553485
stress_median_branch,har,high,112277.00235823351,-0.0035603930443143528,0.002848859071739885,0.002834762296729302,0.0,0.0,0.0,0.0,120960.71489894843,-0.17509267967744058,-0.0017200430678221631,-0.0007790327223698434
stress_median_branch,har,low,0.01574127328721191,0.008131601021954371,-0.0007710667361195065,-0.00011783425804386943,0.0,0.0,0.0,0.0,0.12708864104217385,0.0904931280277911,-0.0020710285365496133,-0.0016320001575351223
stress_median_branch,har,mid,17169.845659692914,-0.012219314955475798,-0.0014577272964667331,-0.0011444708707609003,0.0,0.0,0.0,0.0,17169.74195331463,-0.12865117159351708,-0.013561749892886367,-0.01201865721465575
stress_median_branch,regime_high_branch,all,-2895.9465850093907,-0.02368035635566837,-0.004733054507887916,-0.004589631640138799,-46056.608746410064,-0.018040183792916747,-0.00494049292891995,-0.004267576317478901,-0.06869489329888345,-0.061450933648747985,-0.01072126181493985,-0.0108964991887762
stress_median_branch,regime_high_branch,high,-8683.980083136743,-0.10842153697851986,-0.014435797955664348,-0.013251715251967996,-120960.98244137027,-0.0876575377512609,-0.017284657027404237,-0.015650978188041353,-0.26754242184587074,-0.2662537162925581,-0.0190047000952264,-0.017150329011033902
stress_median_branch,regime_high_branch,low,0.060125583650938765,0.053671526443347606,-0.0008322322747128805,-0.00015219358050729974,0.04438431036372686,0.0545967398450721,-6.116553859337404e-05,-4.116657398395709e-05,0.1714729514059007,0.15664807002209125,-0.0021321940751429873,-0.0016731667315190795
stress_median_branch,regime_high_branch,mid,0.015759482051582067,0.017684920451586456,-0.003327606935715617,-0.0033839598035525506,-17169.82990021086,0.03305992473614495,-0.0018698796392488835,-0.0010846567345972002,-0.08794689623067597,-0.09721823912783083,-0.01543162953213525,-0.0134465081483102
stress_median_branch,regime_low_branch,all,338.1132233465001,-0.00747340655555645,-0.0003422370097159507,9.354500256720036e-05,-42822.54893805418,-0.009446278272595199,-0.0005496754307479842,3.2549740547699324e-05,3233.9911134625922,-0.04396239220964934,-0.006330444316767884,-0.0064294709671175
stress_median_branch,regime_low_branch,high,191.8733613317552,-0.03720536160739049,-0.002671502558781453,-0.0022644951669937054,-112085.12899690175,-0.03498327448079824,-0.005520361630521338,-0.0050352929041949,8875.585902046652,-0.21007595415823882,-0.007240404698343501,-0.007412526592150852
stress_median_branch,regime_low_branch,low,0.023536382163434216,0.025704880023698917,-0.0008361362158745429,-0.00017037984373597862,0.007795108876222302,0.004452043797919386,-6.506947975503623e-05,-5.552291510545038e-05,0.13488374991839613,0.11556491719521182,-0.0021360980163046494,-0.0016649553096907497
stress_median_branch,regime_low_branch,mid,-0.012315600399810682,-0.006140778624121143,-0.0029655642841491334,-0.0027842379160226503,-17169.85797529331,0.010480577069027198,-0.0015078369876824003,-0.0010102691521613502,-0.11602197868206872,-0.11515474637153324,-0.015069586880568767,-0.01348656855910135
stress_median_branch,regime_overlay,all,-2895.9510717016415,-0.023407231901365816,-0.004195249906808234,-0.0038890569573979007,-46056.61323310232,-0.017767059338614194,-0.004402688327840268,-0.0038016898683817506,-0.0731815855496228,-0.06293923871560358,-0.010183457213860167,-0.01047675964687815
stress_median_branch,regime_overlay,high,-8683.969451032803,-0.09544099253326613,-0.013036833660376432,-0.01249732994970635,-120960.97180926632,-0.07899728398977077,-0.01588569273211632,-0.01513906886811785,-0.25691031790602376,-0.25408996366721137,-0.01760573579993848,-0.01709352207109455
stress_median_branch,regime_overlay,low,0.039058781264699395,0.0379066143430252,-0.0008384694333771443,-0.00017096498183723587,0.023317507977487485,0.020520799580239474,-6.740269725763775e-05,-5.534519653070038e-05,0.15040614901966132,0.1277666515145381,-0.0021384312338072506,-0.0016705014509706562
stress_median_branch,regime_overlay,mid,0.009886774550340751,0.0163505569036224,-0.0032208684176905835,-0.0032077821259484506,-17169.835772918366,0.02815445236235735,-0.0017631411212238504,-0.0011855503568417003,-0.09381960373191729,-0.10158325469499913,-0.015324891014110215,-0.0136375003022953
stress_median_branch,regime_set_calm,all,338.1130233268896,-0.0043204424621431925,0.002670250165098332,0.003066224624692899,-42822.54913807379,-0.00795991926965911,0.0024628117440662987,0.002568613545981849,3233.9909134429813,-0.04090336003696765,-0.003317957141953601,-0.003119731403522251
stress_median_branch,regime_set_calm,high,191.91681393487167,0.008004129819963512,0.0032273928920156327,0.004644388564258899,-112085.08554429865,0.009423953101780708,0.0003785338202757481,0.0011097092749568493,8875.629354649769,-0.14582936071387984,-0.001341509247546415,4.5831917354400425e-05
stress_median_branch,regime_set_calm,low,-0.018981355024263624,-0.018895527794029227,-0.0006254029663999636,-7.068176358625001e-05,-0.03472262831147554,-0.02321893879687545,0.000145663769719543,0.00015042280360109711,0.09236601273069829,0.08153890213654323,-0.0019253647668300699,-0.0014921628817364998
stress_median_branch,regime_set_calm,mid,-0.02331685557956822,-0.027384940722985356,-0.0006690533443817502,-0.0009346641757364501,-17169.868976548492,0.0021382737005562966,0.000788673952084983,0.0017778409521124001,-0.12702323386182626,-0.12328576628232733,-0.012773075940801383,-0.012226546326920499
stress_median_branch,regime_set_combo,all,-2895.9530607170395,-0.026980227176883476,-0.0038077731307885835,-0.0035822909798083006,-46056.61522211772,-0.021340054614131854,-0.004015211551820617,-0.00354200264808425,-0.07517060094766882,-0.06944483009703423,-0.009795980437840517,-0.0098891585284457
stress_median_branch,regime_set_combo,high,-8683.969255351616,-0.09238309302722011,-0.012716334088169167,-0.0118698524382359,-120960.97161358515,-0.0751225926638178,-0.015565193159909054,-0.013931770165468954,-0.2567146367190314,-0.2525996606697225,-0.017285236227731215,-0.015187401447548553
stress_median_branch,regime_set_combo,low,0.030700408145611775,0.024610708128497666,-0.0008069499532402702,-0.00014228850284423664,0.014959134858399864,0.035423691329788315,-3.588321712076374e-05,-2.576025018705037e-05,0.1420477759005737,0.13006040762656224,-0.002106911753670377,-0.001643595594988392
stress_median_branch,regime_set_combo,mid,0.010427818947987028,0.008791651073034548,-0.002486136708633617,-0.0025380691993647005,-17169.835231873967,0.031072645573054294,-0.0010284094121668838,-0.00011190244041379993,-0.09327855933427102,-0.09609585563464414,-0.01459015930505325,-0.01317802046299125
stress_median_branch,regime_set_stress,all,-2895.929546243069,-0.01127087750680597,-0.005584941672159634,-0.005537498780214351,-46056.59170764374,-0.005630704944054349,-0.005792380093191667,-0.0049706295332672,-0.051656126977843275,-0.04312965027201973,-0.011573148979211566,-0.011503102033814949
stress_median_branch,regime_set_stress,high,-8683.986616543227,-0.1210803986844845,-0.016358702223126135,-0.01464188431857915,-120960.98897477674,-0.09703224785164685,-0.01920756129486602,-0.017467832973681652,-0.27407582832980476,-0.27895580348159676,-0.020927604362688184,-0.0197120179611678
stress_median_branch,regime_set_stress,low,0.10737390200420088,0.09793834877316782,-0.0008363543213761771,-0.00016373017508224976,0.09163262871698896,0.07690709384392624,-6.528758525667061e-05,-5.270316855890708e-05,0.2187212697591628,0.21009522339923536,-0.0021363161218062835,-0.0016847033260940295
stress_median_branch,regime_set_stress,mid,0.03216041460191195,0.03611178425209151,-0.0037591281080877836,-0.0038346946714046502,-17169.813499278313,0.04465232248071085,-0.00230140081162105,-0.00217927148000365,-0.0715459636803461,-0.08610796870753448,-0.015863150704507417,-0.01359894989242855
stress_median_branch,rolling_best,all,0.0,0.0,0.0,0.0,-43160.66216140067,0.0030947672778174895,-0.00020743842103203349,-0.00029319815282004974,2895.8778901160917,-0.02015316861286026,-0.005988207307051932,-0.00668273792427905
stress_median_branch,rolling_best,high,0.0,0.0,0.0,0.0,-112277.00235823351,0.0035603930443143528,-0.002848859071739885,-0.002834762296729302,8683.712540714898,-0.15783217931403826,-0.004568902139562048,-0.004789215499706002
stress_median_branch,rolling_best,low,0.0,0.0,0.0,0.0,-0.01574127328721191,-0.008131601021954371,0.0007710667361195065,0.00011783425804386943,0.11134736775496192,0.0898600371715129,-0.0012999618004301066,-0.00099893950215545
stress_median_branch,rolling_best,mid,0.0,0.0,0.0,0.0,-17169.845659692914,0.012219314955475798,0.0014577272964667331,0.0011444708707609003,-0.10370637828225804,-0.08297085754351248,-0.012104022596419633,-0.01222172393749955
stress_median_branch,static_best,all,48538.23369692714,0.09764100888979113,0.006053008473852366,0.0042460942551634,5377.57153552647,0.09965030254326254,0.005845570052820333,0.0012885594250904506,51434.11158704324,0.027816489593925714,6.480116680043259e-05,-0.0016805638964446507
stress_median_branch,static_best,high,114950.30450933856,0.17945492650247896,0.010638352151297298,0.006461917752532298,2673.302151105037,0.20097386202679035,0.007789493079557413,-0.001181298296158706,123634.01705005346,0.023725596670572557,0.00606945001173525,0.0009190035648018978
stress_median_branch,static_best,low,-0.00015036338890196213,-0.02164760725595466,-0.0006139446042560387,-0.00011556308248816542,-0.015891636676113874,-0.0007061025991279557,0.00015712213186346786,6.53417033145651e-06,0.11119700436605995,0.042466752236247046,-0.001913906404686145,-0.001667931544268265
stress_median_branch,static_best,mid,19342.287062848478,-0.009282020688795599,0.0013479188786902996,0.0008886979518781498,2172.441403155565,0.0026649713259002464,0.002805646175157033,-9.856120649745048e-05,19342.183356470196,-0.11596930069172094,-0.010756103717729332,-0.00939294898808185
stress_median_branch,vix_switch,all,-2895.8778901160917,0.02015316861286026,0.005988207307051932,0.00668273792427905,-46056.540051516764,0.027767102833428536,0.005780768886019899,0.0058264374957553485,0.0,0.0,0.0,0.0
stress_median_branch,vix_switch,high,-8683.712540714898,0.15783217931403826,0.004568902139562048,0.004789215499706002,-120960.71489894843,0.17509267967744058,0.0017200430678221631,0.0007790327223698434,0.0,0.0,0.0,0.0
stress_median_branch,vix_switch,low,-0.11134736775496192,-0.0898600371715129,0.0012999618004301066,0.00099893950215545,-0.12708864104217385,-0.0904931280277911,0.0020710285365496133,0.0016320001575351223,0.0,0.0,0.0,0.0
stress_median_branch,vix_switch,mid,0.10370637828225804,0.08297085754351248,0.012104022596419633,0.01222172393749955,-17169.74195331463,0.12865117159351708,0.013561749892886367,0.01201865721465575,0.0,0.0,0.0,0.0
stress_median_branch,xgb,all,-2895.6972385882455,0.15165914383599702,0.007029003187856549,0.0068268416755339015,-46056.35939998892,0.15672767277163116,0.006821564766824516,0.00600330230472125,0.18065152784641536,0.1277835063242837,0.0010407958808046163,0.00101987127452155
stress_median_branch,xgb,high,-8683.383218384412,0.31967872882445514,0.027203202068955063,0.026104295698185943,-120960.38557661795,0.3205552820004334,0.024354342997215183,0.022243419263327145,0.3293223304856171,0.18744956571983892,0.022634299929393017,0.022883385931320895
stress_median_branch,xgb,low,0.21721336608463293,0.15367330218737835,-0.0008877459129730934,-0.00026031607766745,0.20147209279742104,0.15617056182914574,-0.00011667917685358687,-0.00010336525095997769,0.32856073383959483,0.29218236994242586,-0.0021877077134032,-0.0017969756025257998
stress_median_branch,xgb,mid,-0.012623428631762483,-0.02489433768839904,-0.0052450331279742,-0.00517902211710815,-17169.858283121546,0.010114947582211493,-0.003787305831507467,-0.0041061558473571005,-0.11632980691402055,-0.1174691259556184,-0.017349055724393835,-0.01473324044008205
